model_title,n_classes,num_samples,pixel_accuracy,mIoU,macro_precision,macro_recall,macro_f1_score,total_inference_time_sec,time_per_frame_sec,fps,max_gpu_memory_mb,hardware_cpu,hardware_gpu,pytorch_version,class_0_iou,class_0_accuracy,class_0_precision,class_0_recall,class_0_f1,class_1_iou,class_1_accuracy,class_1_precision,class_1_recall,class_1_f1,class_2_iou,class_2_accuracy,class_2_precision,class_2_recall,class_2_f1,class_3_iou,class_3_accuracy,class_3_precision,class_3_recall,class_3_f1,class_4_iou,class_4_accuracy,class_4_precision,class_4_recall,class_4_f1
Model 2,5,400,0.8060499108355978,0.31709728831633627,0.404910195814869,0.37984254650017785,0.36902537042322553,26.59629535675049,0.06649073839187622,15.0396885970239,883.728515625,x86_64,NVIDIA A40,2.3.1+cu121,0.06102894656058713,0.06787357603926264,0.37701804050991083,0.06787357603926264,0.11503728858372338,0.0,0.0,0.0,0.0,0.0,0.7533551406867972,0.8605462809261455,0.858116706852163,0.8605462809261455,0.859329776615255,0.0,0.0,0.0,0.0,0.0,0.771102354334297,0.970792875535481,0.7894162317122709,0.970792875535481,0.8707597869171493
