model_title,n_classes,num_samples,pixel_accuracy,mIoU,macro_precision,macro_recall,macro_f1_score,total_inference_time_sec,time_per_frame_sec,fps,max_gpu_memory_mb,hardware_cpu,hardware_gpu,pytorch_version,class_0_iou,class_0_accuracy,class_0_precision,class_0_recall,class_0_f1,class_1_iou,class_1_accuracy,class_1_precision,class_1_recall,class_1_f1,class_2_iou,class_2_accuracy,class_2_precision,class_2_recall,class_2_f1,class_3_iou,class_3_accuracy,class_3_precision,class_3_recall,class_3_f1,class_4_iou,class_4_accuracy,class_4_precision,class_4_recall,class_4_f1
U-Net Multi Branch (permutation),5,400,0.8346547533118207,0.5102916187047837,0.8122419065446242,0.5857323569711471,0.6500828088764307,71.74587535858154,0.17936468839645386,5.575233391478244,1551.5009765625,x86_64,NVIDIA A40,2.3.1+cu121,0.3290387860820656,0.36361889022478894,0.7757812029908507,0.36361889022478894,0.4951530226624223,0.2925788763330801,0.3046066399677166,0.8810889278415355,0.3046066399677166,0.45270564402707514,0.7442588945132392,0.8147124170506861,0.8959036184316245,0.8147124170506861,0.8533812232282587,0.39455855103224674,0.47609951434915654,0.6973126927492944,0.47609951434915654,0.5658544071028012,0.7910229855632867,0.9696243232633872,0.811123090709816,0.9696243232633872,0.8833197473615957
