model_title,n_classes,num_samples,pixel_accuracy,mIoU,macro_precision,macro_recall,macro_f1_score,total_inference_time_sec,time_per_frame_sec,fps,max_gpu_memory_mb,hardware_cpu,hardware_gpu,pytorch_version,class_0_iou,class_0_accuracy,class_0_precision,class_0_recall,class_0_f1,class_1_iou,class_1_accuracy,class_1_precision,class_1_recall,class_1_f1,class_2_iou,class_2_accuracy,class_2_precision,class_2_recall,class_2_f1,class_3_iou,class_3_accuracy,class_3_precision,class_3_recall,class_3_f1,class_4_iou,class_4_accuracy,class_4_precision,class_4_recall,class_4_f1
U-Net Multi Branch (out conv),5,400,0.860529831153759,0.5870165318056425,0.7809260151807706,0.6828933852694601,0.7232310685112736,71.95282888412476,0.17988207221031188,5.55919768831012,1565.84326171875,x86_64,NVIDIA A40,2.3.1+cu121,0.4088438581026166,0.5120311804397873,0.6698302844473514,0.5120311804397873,0.5803962671253488,0.5026261094573073,0.6149776030333832,0.7334201390176226,0.6149776030333832,0.6689969065409587,0.7880282629333076,0.8514085426259969,0.9136878011413803,0.8514085426259969,0.8814494482772062,0.4082634429297842,0.4829588079448078,0.725253163244963,0.4829588079448078,0.5798111780568889,0.8273209856051965,0.9530907923033248,0.8624386880525357,0.9530907923033248,0.9055015425559657
