model_title,n_classes,num_samples,pixel_accuracy,mIoU,macro_precision,macro_recall,macro_f1_score,total_inference_time_sec,time_per_frame_sec,fps,max_gpu_memory_mb,hardware_cpu,hardware_gpu,pytorch_version,class_0_iou,class_0_accuracy,class_0_precision,class_0_recall,class_0_f1,class_1_iou,class_1_accuracy,class_1_precision,class_1_recall,class_1_f1,class_2_iou,class_2_accuracy,class_2_precision,class_2_recall,class_2_f1,class_3_iou,class_3_accuracy,class_3_precision,class_3_recall,class_3_f1,class_4_iou,class_4_accuracy,class_4_precision,class_4_recall,class_4_f1
baseline U-Net,5,400,0.8340028872282609,0.42376284585424406,0.7374767347847075,0.48908753779531944,0.5239192044267215,21.23404860496521,0.05308512151241303,18.837669981901943,1494.12451171875,x86_64,NVIDIA A40,2.3.1+cu121,0.17366809938505412,0.2049003661412312,0.5325695208665655,0.2049003661412312,0.29594073397078424,0.3228187130285721,0.35408958221233394,0.7851945181267874,0.35408958221233394,0.4880770280146459,0.7822256259543187,0.8942378322813659,0.8619702915851482,0.8942378322813659,0.8778076294750442,0.033494602157135255,0.03405233814081337,0.671592665190428,0.03405233814081337,0.0648181462916681,0.8066071887461402,0.958157570200853,0.8360566781546085,0.958157570200853,0.8929524843814651
