model_title,n_classes,num_samples,pixel_accuracy,mIoU,macro_precision,macro_recall,macro_f1_score,total_inference_time_sec,time_per_frame_sec,fps,max_gpu_memory_mb,hardware_cpu,hardware_gpu,pytorch_version,class_0_iou,class_0_accuracy,class_0_precision,class_0_recall,class_0_f1,class_1_iou,class_1_accuracy,class_1_precision,class_1_recall,class_1_f1,class_2_iou,class_2_accuracy,class_2_precision,class_2_recall,class_2_f1,class_3_iou,class_3_accuracy,class_3_precision,class_3_recall,class_3_f1,class_4_iou,class_4_accuracy,class_4_precision,class_4_recall,class_4_f1
Model 1,5,400,0.8558297278362772,0.4319324072224816,0.6284285738725217,0.5090257856655195,0.5140981281368133,57.83661198616028,0.1445915299654007,6.916034433270676,3137.79052734375,x86_64,NVIDIA A40,2.3.1+cu121,0.3759987319908666,0.5800754519356814,0.5166170469109899,0.5800754519356814,0.5465102884896588,0.0,0.0,0.0,0.0,0.0,0.8271219169955788,0.8995872103738871,0.911252526352897,0.8995872103738871,0.9053822947465417,0.1134015912792243,0.11606967567308646,0.8314599953846172,0.11606967567308646,0.20370294450348939,0.8431397958467385,0.9493965903449425,0.8828133007141048,0.9493965903449425,0.9148951129443765
